{"EmailID":"abc@gmai.com","OrderDateTime":"02/07/2019","RestaurantName":"ABC Restaurant","OrderStatus":"Success","DeliveryAddress":"143, abc st, chennai-600101","OrderItems":[{"ItemName":"Briyani","price":240}],"BillAmount":260,"PaymentMode":"Cash"}
{"EmailID":"raj@gmai.com","OrderDateTime":"03/07/2019","RestaurantName":"CDE Restaurant","OrderStatus":"Cancelled","DeliveryAddress":"163, ghs st, chennai-600301","OrderItems":[{"ItemName":"Grilled Chiken","price":240}],"BillAmount":350,"PaymentMode":"Cash"}
{"EmailID":"efg@gmai.com","OrderDateTime":"04/07/2019","RestaurantName":"MNB Restaurant","OrderStatus":"Success","DeliveryAddress":"1, the east st, chennai-600001","OrderItems":[{"ItemName":"Plain Dosa","price":240}],"BillAmount":60,"PaymentMode":"Card"}
{"EmailID":"gas@gmai.com","OrderDateTime":"02/07/2019","RestaurantName":"VBF Restaurant","OrderStatus":"Cancelled","DeliveryAddress":"123, west st, chennai-600001","OrderItems":[{"ItemName":"Fired Rice","price":240}],"BillAmount":150,"PaymentMode":"Card"}
{"EmailID":"yeu@gmai.com","OrderDateTime":"03/07/2019","RestaurantName":"RR Restaurant","OrderStatus":"Success","DeliveryAddress":"45, car st, chennai-600001","OrderItems":[{"ItemName":"Kothu Paratta","price":240}],"BillAmount":125,"PaymentMode":"Card"}
{"EmailID":"nfs@gmai.com","OrderDateTime":"05/07/2019","RestaurantName":"CAS Restaurant","OrderStatus":"Cancelled","DeliveryAddress":"12, south st, chennai-600001","OrderItems":[{"ItemName":"Mutton chukka","price":240}],"BillAmount":150,"PaymentMode":"Cash"}
{"EmailID":"oiu@gmai.com","OrderDateTime":"07/07/2019","RestaurantName":"XYZ Restaurant","OrderStatus":"Success","DeliveryAddress":"13, rrr st, chennai-600001","OrderItems":[{"ItemName":"Mutton Botti","price":280}],"BillAmount":200,"PaymentMode":"Cash"}


db.order.insertMany([
{"EmailID":"abc@gmai.com","OrderDateTime":"02/07/2019 04:00:03 PM","RestaurantName":"ABC Restaurant","OrderStatus":"Success","DeliveryAddress":"143, abc st, chennai-600101","OrderItems":[{"ItemName":"Briyani","Price":240}],"BillAmount":260,"PaymentMode":"Cash"},
{"EmailID":"raj@gmai.com","OrderDateTime":"03/07/2019 03:00:03 PM","RestaurantName":"CDE Restaurant","OrderStatus":"Cancelled","DeliveryAddress":"163, ghs st, chennai-600301","OrderItems":[{"ItemName":"Grilled Chiken","Price":240}],"BillAmount":350,"PaymentMode":"Cash"},
{"EmailID":"efg@gmai.com","OrderDateTime":"04/07/2019 02:00:03 PM","RestaurantName":"MNB Restaurant","OrderStatus":"Success","DeliveryAddress":"1, the east st, chennai-600001","OrderItems":[{"ItemName":"Plain Dosa","Price":240}],"BillAmount":60,"PaymentMode":"Card"},
{"EmailID":"gas@gmai.com","OrderDateTime":"02/07/2019 06:00:03 PM","RestaurantName":"VBF Restaurant","OrderStatus":"Cancelled","DeliveryAddress":"123, west st, chennai-600001","OrderItems":[{"ItemName":"Fired Rice","Price":240}],"BillAmount":150,"PaymentMode":"Card"},
{"EmailID":"yeu@gmai.com","OrderDateTime":"03/07/2019 07:00:03 PM","RestaurantName":"RR Restaurant","OrderStatus":"Success","DeliveryAddress":"45, car st, chennai-600001","OrderItems":[{"ItemName":"Kothu Paratta","Price":240}],"BillAmount":125,"PaymentMode":"Card"},
{"EmailID":"nfs@gmai.com","OrderDateTime":"05/07/2019 08:00:03 AM","RestaurantName":"CAS Restaurant","OrderStatus":"Cancelled","DeliveryAddress":"12, south st, chennai-600001","OrderItems":[{"ItemName":"Mutton chukka","Price":240}],"BillAmount":150,"PaymentMode":"Cash"},
{"EmailID":"oiu@gmai.com","OrderDateTime":"07/07/2019 08:00:03 AM","RestaurantName":"XYZ Restaurant","OrderStatus":"Success","DeliveryAddress":"13, rrr st, chennai-600001","OrderItems":[{"ItemName":"Mutton Botti","Price":280}],"BillAmount":200,"PaymentMode":"Cash"}
])

[{"orderID":"5d3ef76c2f738d2b14cae758","emailID":"abc@gmai.com","orderDateTime":"02/07/2019","restaurantName":"ABC Restaurant","orderStatus":"Success","deliveryAddress":"123, car st, chennai-600001","orderItems":[{"itemName":"Idly","price":240.0}],"billAmount":250.0,"paymentMode":"Cash"},{"orderID":"5d3efa132f738d2b14cae759","emailID":"abc@gmai.com","orderDateTime":"02/07/2019 04:00:03 PM","restaurantName":"ABC Restaurant","orderStatus":"Success","deliveryAddress":"143, abc st, chennai-600101","orderItems":[{"itemName":"Briyani","price":240.0}],"billAmount":260.0,"paymentMode":"Cash"},{"orderID":"5d3efa132f738d2b14cae75a","emailID":"raj@gmai.com","orderDateTime":"03/07/2019 03:00:03 PM","restaurantName":"CDE Restaurant","orderStatus":"Cancelled","deliveryAddress":"163, ghs st, chennai-600301","orderItems":[{"itemName":"Grilled Chiken","price":240.0}],"billAmount":350.0,"paymentMode":"Cash"},{"orderID":"5d3efa132f738d2b14cae75b","emailID":"efg@gmai.com","orderDateTime":"04/07/2019 02:00:03 PM","restaurantName":"MNB Restaurant","orderStatus":"Success","deliveryAddress":"1, the east st, chennai-600001","orderItems":[{"itemName":"Plain Dosa","price":240.0}],"billAmount":60.0,"paymentMode":"Card"},{"orderID":"5d3efa132f738d2b14cae75c","emailID":"gas@gmai.com","orderDateTime":"02/07/2019 06:00:03 PM","restaurantName":"VBF Restaurant","orderStatus":"Cancelled","deliveryAddress":"123, west st, chennai-600001","orderItems":[{"itemName":"Fired Rice","price":240.0}],"billAmount":150.0,"paymentMode":"Card"},{"orderID":"5d3efa132f738d2b14cae75d","emailID":"yeu@gmai.com","orderDateTime":"03/07/2019 07:00:03 PM","restaurantName":"RR Restaurant","orderStatus":"Success","deliveryAddress":"45, car st, chennai-600001","orderItems":[{"itemName":"Kothu Paratta","price":240.0}],"billAmount":125.0,"paymentMode":"Card"},{"orderID":"5d3efa132f738d2b14cae75e","emailID":"nfs@gmai.com","orderDateTime":"05/07/2019 08:00:03 AM","restaurantName":"CAS Restaurant","orderStatus":"Cancelled","deliveryAddress":"12, south st, chennai-600001","orderItems":[{"itemName":"Mutton chukka","price":240.0}],"billAmount":150.0,"paymentMode":"Cash"},{"orderID":"5d3efa132f738d2b14cae75f","emailID":"oiu@gmai.com","orderDateTime":"07/07/2019 08:00:03 AM","restaurantName":"XYZ Restaurant","orderStatus":"Success","deliveryAddress":"13, rrr st, chennai-600001","orderItems":[{"itemName":"Mutton Botti","price":280.0}],"billAmount":200.0,"paymentMode":"Cash"}]
